{
  "variants": {
    "baseline": {
      "n": 3,
      "fetchEnd_ms": 4706.899999999907,
      "initialAt_ms": 1185.3999999999069,
      "addedAt_ms": 5990.100000000093,
      "lcp_ms": 1336,
      "fcp_ms": 708,
      "load_ms": 1275.6000000000931,
      "lcp_kind": "tile",
      "featureCount": 123105,
      "dirs": [
        "/home/jpark/Projects/lightmap/benchmarks/render/20260418_102856_baseline_r0",
        "/home/jpark/Projects/lightmap/benchmarks/render/20260418_102910_baseline_r1",
        "/home/jpark/Projects/lightmap/benchmarks/render/20260418_102919_baseline_r2"
      ]
    },
    "prec5": {
      "n": 3,
      "fetchEnd_ms": 2277.5,
      "initialAt_ms": 703.2000000001863,
      "addedAt_ms": 3032,
      "lcp_ms": 684,
      "fcp_ms": 300,
      "load_ms": 752.3999999999069,
      "lcp_kind": "tile",
      "featureCount": 123105,
      "dirs": [
        "/home/jpark/Projects/lightmap/benchmarks/render/20260418_102925_prec5_r0",
        "/home/jpark/Projects/lightmap/benchmarks/render/20260418_102930_prec5_r1",
        "/home/jpark/Projects/lightmap/benchmarks/render/20260418_102935_prec5_r2"
      ]
    },
    "asym": {
      "n": 3,
      "fetchEnd_ms": 1906.1000000000931,
      "initialAt_ms": 572.8999999999069,
      "addedAt_ms": 2447.100000000093,
      "lcp_ms": 744,
      "fcp_ms": 332,
      "load_ms": 640.7999999998137,
      "lcp_kind": "tile",
      "featureCount": 123105,
      "dirs": [
        "/home/jpark/Projects/lightmap/benchmarks/render/20260418_102943_asym_r0",
        "/home/jpark/Projects/lightmap/benchmarks/render/20260418_102947_asym_r1",
        "/home/jpark/Projects/lightmap/benchmarks/render/20260418_102952_asym_r2"
      ]
    },
    "prec4": {
      "n": 3,
      "fetchEnd_ms": 2032.1000000000931,
      "initialAt_ms": 571.5,
      "addedAt_ms": 2519.8000000002794,
      "lcp_ms": 708,
      "fcp_ms": 280,
      "load_ms": 577,
      "lcp_kind": "tile",
      "featureCount": 123105,
      "dirs": [
        "/home/jpark/Projects/lightmap/benchmarks/render/20260418_102956_prec4_r0",
        "/home/jpark/Projects/lightmap/benchmarks/render/20260418_103000_prec4_r1",
        "/home/jpark/Projects/lightmap/benchmarks/render/20260418_103004_prec4_r2"
      ]
    },
    "empty": {
      "n": 3,
      "fetchEnd_ms": 1040.9000000003725,
      "initialAt_ms": 885.1000000000931,
      "addedAt_ms": 1041.4000000003725,
      "lcp_ms": 1028,
      "fcp_ms": 468,
      "load_ms": 886.8000000002794,
      "lcp_kind": "tile",
      "featureCount": 0,
      "dirs": [
        "/home/jpark/Projects/lightmap/benchmarks/render/20260418_103009_empty_r0",
        "/home/jpark/Projects/lightmap/benchmarks/render/20260418_103015_empty_r1",
        "/home/jpark/Projects/lightmap/benchmarks/render/20260418_103019_empty_r2"
      ]
    }
  },
  "raw": {
    "baseline": [
      {
        "dir": "/home/jpark/Projects/lightmap/benchmarks/render/20260418_102856_baseline_r0",
        "fetchStart": 633.3999999999069,
        "fetchEnd": 4706.899999999907,
        "previewAt": 762.1999999997206,
        "initialAt": 1185.3999999999069,
        "addedAt": 6394,
        "featureCount": 123105,
        "initialFeatureCount": 14852,
        "status": "done",
        "fcp": 708,
        "lcp": 1336,
        "lcp_kind": "tile",
        "load": 1275.6000000000931,
        "dcl": 637.5,
        "wall_s": 14.189961194992065,
        "variant": "baseline",
        "run": 0
      },
      {
        "dir": "/home/jpark/Projects/lightmap/benchmarks/render/20260418_102910_baseline_r1",
        "fetchStart": 1029.3999999999069,
        "fetchEnd": 5048.899999999907,
        "previewAt": 1257.6000000000931,
        "initialAt": 1919.2000000001863,
        "addedAt": 5990.100000000093,
        "featureCount": 123105,
        "initialFeatureCount": 14852,
        "status": "done",
        "fcp": 1156,
        "lcp": 2164,
        "lcp_kind": "tile",
        "load": 1752.3999999999069,
        "dcl": 1035.5,
        "wall_s": 9.700616598129272,
        "variant": "baseline",
        "run": 1
      },
      {
        "dir": "/home/jpark/Projects/lightmap/benchmarks/render/20260418_102919_baseline_r2",
        "fetchStart": 486.10000000009313,
        "fetchEnd": 2749.7999999998137,
        "previewAt": 602.6000000000931,
        "initialAt": 974,
        "addedAt": 3394.600000000093,
        "featureCount": 123105,
        "initialFeatureCount": 14852,
        "status": "done",
        "fcp": 552,
        "lcp": 1088,
        "lcp_kind": "tile",
        "load": 883.6000000000931,
        "dcl": 489.60000000009313,
        "wall_s": 5.7176759243011475,
        "variant": "baseline",
        "run": 2
      }
    ],
    "prec5": [
      {
        "dir": "/home/jpark/Projects/lightmap/benchmarks/render/20260418_102925_prec5_r0",
        "fetchStart": 264.1999999997206,
        "fetchEnd": 2162.600000000093,
        "previewAt": 314.60000000009313,
        "initialAt": 534.3999999999069,
        "addedAt": 2715.7999999998137,
        "featureCount": 123105,
        "initialFeatureCount": 14852,
        "status": "done",
        "fcp": 300,
        "lcp": 664,
        "lcp_kind": "tile",
        "load": 653.5,
        "dcl": 267,
        "wall_s": 4.488266706466675,
        "variant": "prec5",
        "run": 0
      },
      {
        "dir": "/home/jpark/Projects/lightmap/benchmarks/render/20260418_102930_prec5_r1",
        "fetchStart": 244.90000000037253,
        "fetchEnd": 2989.4000000003725,
        "previewAt": 328,
        "initialAt": 703.2000000001863,
        "addedAt": 3691.9000000003725,
        "featureCount": 123105,
        "initialFeatureCount": 14852,
        "status": "done",
        "fcp": 284,
        "lcp": 920,
        "lcp_kind": "tile",
        "load": 859.7000000001863,
        "dcl": 246.5,
        "wall_s": 5.587373971939087,
        "variant": "prec5",
        "run": 1
      },
      {
        "dir": "/home/jpark/Projects/lightmap/benchmarks/render/20260418_102935_prec5_r2",
        "fetchStart": 300.10000000009313,
        "fetchEnd": 2277.5,
        "previewAt": 381.20000000018626,
        "initialAt": 751.6000000000931,
        "addedAt": 3032,
        "featureCount": 123105,
        "initialFeatureCount": 14852,
        "status": "done",
        "fcp": 356,
        "lcp": 684,
        "lcp_kind": "tile",
        "load": 752.3999999999069,
        "dcl": 302.29999999981374,
        "wall_s": 7.7791218757629395,
        "variant": "prec5",
        "run": 2
      }
    ],
    "asym": [
      {
        "dir": "/home/jpark/Projects/lightmap/benchmarks/render/20260418_102943_asym_r0",
        "fetchStart": 283.29999999981374,
        "fetchEnd": 1906.1000000000931,
        "previewAt": 347.29999999981374,
        "initialAt": 572.8999999999069,
        "addedAt": 2447.100000000093,
        "featureCount": 123105,
        "initialFeatureCount": 14852,
        "status": "done",
        "fcp": 332,
        "lcp": 744,
        "lcp_kind": "tile",
        "load": 683.2000000001863,
        "dcl": 285.60000000009313,
        "wall_s": 4.008107423782349,
        "variant": "asym",
        "run": 0
      },
      {
        "dir": "/home/jpark/Projects/lightmap/benchmarks/render/20260418_102947_asym_r1",
        "fetchStart": 285.79999999981374,
        "fetchEnd": 2105.1999999997206,
        "previewAt": 373.6999999997206,
        "initialAt": 685.1999999997206,
        "addedAt": 2730.1999999997206,
        "featureCount": 123105,
        "initialFeatureCount": 14852,
        "status": "done",
        "fcp": 332,
        "lcp": 776,
        "lcp_kind": "tile",
        "load": 604.3999999999069,
        "dcl": 289.5,
        "wall_s": 4.431679964065552,
        "variant": "asym",
        "run": 1
      },
      {
        "dir": "/home/jpark/Projects/lightmap/benchmarks/render/20260418_102952_asym_r2",
        "fetchStart": 245.5,
        "fetchEnd": 1141.6999999997206,
        "previewAt": 299.6999999997206,
        "initialAt": 524.3999999999069,