{
  "variants": {
    "baseline": {
      "n": 3,
      "fetchEnd_ms": 2012.8999999999069,
      "initialAt_ms": 659.5999999996275,
      "addedAt_ms": 2804.600000000093,
      "lcp_ms": 792,
      "fcp_ms": 376,
      "load_ms": 595.5,
      "lcp_kind": "tile",
      "raw_addedAt": [
        2804.600000000093,
        1968.5999999996275,
        4058.5999999996275
      ],
      "raw_lcp": [
        996,
        792,
        748
      ],
      "raw_fcp": [
        432,
        376,
        328
      ],
      "raw_fetchEnd": [
        2012.8999999999069,
        1435.5,
        2965.5999999996275
      ],
      "dirs": [
        "/home/jpark/Projects/lightmap/benchmarks/render/20260418_103212_baseline_v2_r0",
        "/home/jpark/Projects/lightmap/benchmarks/render/20260418_103218_baseline_v2_r1",
        "/home/jpark/Projects/lightmap/benchmarks/render/20260418_103223_baseline_v2_r2"
      ]
    },
    "prec5": {
      "n": 3,
      "fetchEnd_ms": 3940.5,
      "initialAt_ms": 1390,
      "addedAt_ms": 4905.300000000279,
      "lcp_ms": 1544,
      "fcp_ms": 548,
      "load_ms": 1323.8000000002794,
      "lcp_kind": "tile",
      "raw_addedAt": [
        5373.600000000093,
        4905.300000000279,
        4483.600000000093
      ],
      "raw_lcp": [
        1556,
        1540,
        1544
      ],
      "raw_fcp": [
        672,
        548,
        516
      ],
      "raw_fetchEnd": [
        3940.5,
        4073.5,
        3738.1999999997206
      ],
      "dirs": [
        "/home/jpark/Projects/lightmap/benchmarks/render/20260418_103229_prec5_v2_r0",
        "/home/jpark/Projects/lightmap/benchmarks/render/20260418_103241_prec5_v2_r1",
        "/home/jpark/Projects/lightmap/benchmarks/render/20260418_103249_prec5_v2_r2"
      ]
    },
    "asym": {
      "n": 3,
      "fetchEnd_ms": 2586.2999999998137,
      "initialAt_ms": 944.2000000001863,
      "addedAt_ms": 3185.2000000001863,
      "lcp_ms": 1104,
      "fcp_ms": 436,
      "load_ms": 810.7000000001863,
      "lcp_kind": "tile",
      "raw_addedAt": [
        5873.300000000279,
        3185.2000000001863,
        2808.0999999996275
      ],
      "raw_lcp": [
        2032,
        1104,
        696
      ],
      "raw_fcp": [
        716,
        436,
        324
      ],
      "raw_fetchEnd": [
        4835.800000000279,
        2586.2999999998137,
        2049.2999999998137
      ],
      "dirs": [
        "/home/jpark/Projects/lightmap/benchmarks/render/20260418_103256_asym_v2_r0",
        "/home/jpark/Projects/lightmap/benchmarks/render/20260418_103305_asym_v2_r1",
        "/home/jpark/Projects/lightmap/benchmarks/render/20260418_103314_asym_v2_r2"
      ]
    },
    "prec4": {
      "n": 3,
      "fetchEnd_ms": 2583.399999999907,
      "initialAt_ms": 886.7999999998137,
      "addedAt_ms": 3033.100000000093,
      "lcp_ms": 1028,
      "fcp_ms": 376,
      "load_ms": 977.1999999997206,
      "lcp_kind": "tile",
      "raw_addedAt": [
        2735.5,
        3033.100000000093,
        3786.1999999997206
      ],
      "raw_lcp": [
        696,
        1220,
        1028
      ],
      "raw_fcp": [
        296,
        512,
        376
      ],
      "raw_fetchEnd": [
        2190.2000000001863,
        2583.399999999907,
        2896.899999999907
      ],
      "dirs": [
        "/home/jpark/Projects/lightmap/benchmarks/render/20260418_103318_prec4_v2_r0",
        "/home/jpark/Projects/lightmap/benchmarks/render/20260418_103323_prec4_v2_r1",
        "/home/jpark/Projects/lightmap/benchmarks/render/20260418_103328_prec4_v2_r2"
      ]
    },
    "empty": {
      "n": 3,
      "fetchEnd_ms": 919.2000000001863,
      "initialAt_ms": 773.9000000003725,
      "addedAt_ms": 919.4000000003725,
      "lcp_ms": 916,
      "fcp_ms": 432,
      "load_ms": 873.6000000000931,
      "lcp_kind": "tile",
      "raw_addedAt": [
        899.2000000001863,
        1046.4000000003725,
        919.4000000003725
      ],
      "raw_lcp": [
        916,
        1036,
        900
      ],
      "raw_fcp": [
        432,
        312,
        516
      ],
      "raw_fetchEnd": [
        898.8000000002794,
        1045.6000000000931,
        919.2000000001863
      ],
      "dirs": [
        "/home/jpark/Projects/lightmap/benchmarks/render/20260418_103334_empty_v2_r0",
        "/home/jpark/Projects/lightmap/benchmarks/render/20260418_103337_empty_v2_r1",
        "/home/jpark/Projects/lightmap/benchmarks/render/20260418_103340_empty_v2_r2"
      ]
    }
  },
  "raw": {
    "baseline": [
      {
        "dir": "/home/jpark/Projects/lightmap/benchmarks/render/20260418_103212_baseline_v2_r0",
        "fetchStart": 362.60000000009313,
        "fetchEnd": 2012.8999999999069,
        "previewAt": 498.6999999997206,
        "initialAt": 868.3999999999069,
        "addedAt": 2804.600000000093,
        "featureCount": 123105,
        "status": "done",
        "fcp": 432,
        "lcp": 996,
        "lcp_kind": "tile",
        "load": 940.2999999998137,
        "dcl": 367.29999999981374,
        "wall_s": 6.244586706161499,
        "variant": "baseline",
        "run": 0
      },
      {
        "dir": "/home/jpark/Projects/lightmap/benchmarks/render/20260418_103218_baseline_v2_r1",
        "fetchStart": 323.79999999981374,
        "fetchEnd": 1435.5,
        "previewAt": 423.79999999981374,
        "initialAt": 632,
        "addedAt": 1968.5999999996275,
        "featureCount": 123105,
        "status": "done",
        "fcp": 376,
        "lcp": 792,
        "lcp_kind": "tile",
        "load": 554.5,
        "dcl": 326.79999999981374,
        "wall_s": 4.58167290687561,
        "variant": "baseline",
        "run": 1
      },
      {
        "dir": "/home/jpark/Projects/lightmap/benchmarks/render/20260418_103223_baseline_v2_r2",
        "fetchStart": 267.89999999990687,
        "fetchEnd": 2965.5999999996275,
        "previewAt": 377.39999999990687,
        "initialAt": 659.5999999996275,
        "addedAt": 4058.5999999996275,
        "featureCount": 123105,
        "status": "done",
        "fcp": 328,
        "lcp": 748,
        "lcp_kind": "tile",
        "load": 595.5,
        "dcl": 271.89999999990687,
        "wall_s": 6.316537618637085,
        "variant": "baseline",
        "run": 2
      }
    ],
    "prec5": [
      {
        "dir": "/home/jpark/Projects/lightmap/benchmarks/render/20260418_103229_prec5_v2_r0",
        "fetchStart": 485,
        "fetchEnd": 3940.5,
        "previewAt": 779.5,
        "initialAt": 1423.3000000002794,
        "addedAt": 5373.600000000093,
        "featureCount": 123105,
        "status": "done",
        "fcp": 672,
        "lcp": 1556,
        "lcp_kind": "tile",
        "load": 1323.8000000002794,
        "dcl": 496,
        "wall_s": 11.237172365188599,
        "variant": "prec5",
        "run": 0
      },
      {
        "dir": "/home/jpark/Projects/lightmap/benchmarks/render/20260418_103241_prec5_v2_r1",
        "fetchStart": 448,
        "fetchEnd": 4073.5,
        "previewAt": 651,
        "initialAt": 1390,
        "addedAt": 4905.300000000279,
        "featureCount": 123105,
        "status": "done",
        "fcp": 548,
        "lcp": 1540,
        "lcp_kind": "tile",
        "load": 1250,
        "dcl": 454.70000000018626,
        "wall_s": 7.969920873641968,
        "variant": "prec5",
        "run": 1
      },
      {
        "dir": "/home/jpark/Projects/lightmap/benchmarks/render/20260418_103249_prec5_v2_r2",
        "fetchStart": 433.6999999997206,
        "fetchEnd": 3738.1999999997206,
        "previewAt": 538,
        "initialAt": 1360.2999999998137,
        "addedAt": 4483.600000000093,
        "featureCount": 123105,
        "status": "done",
        "fcp": 516,
        "lcp": 1544,
        "lcp_kind": "tile",
        "load": 1455.1999999997206,
        "dcl": 437.39999999990687,
        "wall_s": 7.23657751083374,
        "variant": "prec5",
        "run": 2
      }
    ],