{
  "baseline:shadows.geojson": {
    "byteLength": 29238775,
    "runs": [
      184.52532799999994,
      186.37127399999997,
      174.546333,
      216.45223299999998,
      207.65261599999985
    ],
    "median_ms": 186.37127399999997,
    "min_ms": 174.546333
  },
  "baseline:buildings.geojson": {
    "byteLength": 26473610,
    "runs": [
      201.2009290000001,
      188.63642200000004,
      183.116399,
      180.54481799999985,
      176.8724000000002
    ],
    "median_ms": 183.116399,
    "min_ms": 176.8724000000002
  },
  "baseline:shadows_initial.geojson": {
    "byteLength": 3599922,
    "runs": [
      16.64130400000022,
      18.74584700000014,
      19.165890000000218,
      19.435261999999966,
      19.073055999999724
    ],
    "median_ms": 19.073055999999724,
    "min_ms": 16.64130400000022
  },
  "baseline:buildings_initial.geojson": {
    "byteLength": 3233910,
    "runs": [
      17.213738999999805,
      18.58742600000005,
      18.455767999999807,
      16.49968799999988,
      17.305167999999867
    ],
    "median_ms": 17.305167999999867,
    "min_ms": 16.49968799999988
  },
  "prec5:shadows.geojson": {
    "byteLength": 27966960,
    "runs": [
      206.83123299999988,
      176.5607300000006,
      179.39955499999996,
      184.35149600000022,
      174.5209760000007
    ],
    "median_ms": 179.39955499999996,
    "min_ms": 174.5209760000007
  },
  "prec5:buildings.geojson": {
    "byteLength": 25263004,
    "runs": [
      169.38496300000043,
      190.5600289999993,
      182.29147199999989,
      185.683317,
      180.865409
    ],
    "median_ms": 182.29147199999989,
    "min_ms": 169.38496300000043
  },
  "prec5:shadows_initial.geojson": {
    "byteLength": 3440563,
    "runs": [
      18.241900999999416,
      19.870194000000083,
      18.90623400000004,
      18.573758999999882,
      18.149239000000307
    ],
    "median_ms": 18.573758999999882,
    "min_ms": 18.149239000000307
  },
  "prec5:buildings_initial.geojson": {
    "byteLength": 3083976,
    "runs": [
      16.307378000000426,
      17.677271999999903,
      17.941815999999562,
      16.80128799999966,
      16.85156999999981
    ],
    "median_ms": 16.85156999999981,
    "min_ms": 16.307378000000426
  },
  "prec4:shadows.geojson": {
    "byteLength": 26696609,
    "runs": [
      184.70761099999982,
      184.81819900000028,
      176.3546640000004,
      174.99958400000014,
      174.10056900000018
    ],
    "median_ms": 176.3546640000004,
    "min_ms": 174.10056900000018
  },
  "prec4:buildings.geojson": {
    "byteLength": 24053668,
    "runs": [
      171.24763600000006,
      208.53314200000023,
      178.28838899999937,
      179.18219000000136,
      193.10325399999965
    ],
    "median_ms": 179.18219000000136,
    "min_ms": 171.24763600000006
  },
  "prec4:shadows_initial.geojson": {
    "byteLength": 3280785,
    "runs": [
      17.80932600000051,
      19.45944099999906,
      22.199384999999893,
      19.80453900000066,
      20.96990299999925
    ],
    "median_ms": 19.80453900000066,
    "min_ms": 17.80932600000051
  },
  "prec4:buildings_initial.geojson": {
    "byteLength": 2933900,
    "runs": [
      17.596276000000216,
      16.72557500000039,
      18.9740469999997,
      17.762792999999874,
      17.326598999999987
    ],
    "median_ms": 17.596276000000216,
    "min_ms": 16.72557500000039
  },
  "asym:shadows.geojson": {
    "byteLength": 26696609,
    "runs": [
      179.94103599999835,
      202.91857700000037,
      220.60056599999916,
      191.89860200000112,
      190.74546499999997
    ],
    "median_ms": 191.89860200000112,
    "min_ms": 179.94103599999835
  },
  "asym:buildings.geojson": {
    "byteLength": 25263004,
    "runs": [
      169.77208400000018,
      163.36761999999908,
      162.53957000000082,
      163.46005700000023,
      163.88215200000013
    ],
    "median_ms": 163.46005700000023,
    "min_ms": 162.53957000000082
  },
  "asym:shadows_initial.geojson": {
    "byteLength": 3280785,
    "runs": [
      20.52462000000014,
      19.439754000000903,
      19.048832000000402,
      17.34194699999898,
      22.048531999998886
    ],
    "median_ms": 19.439754000000903,
    "min_ms": 17.34194699999898
  },
  "asym:buildings_initial.geojson": {
    "byteLength": 3083976,
    "runs": [
      18.056108000000677,
      17.673389000001407,
      18.745962999999392,
      17.181633999998667,
      18.098363999999492
    ],
    "median_ms": 18.056108000000677,
    "min_ms": 17.181633999998667
  }
}