{
  "shadows.geojson": {
    "baseline": {
      "n_feat": 123105,
      "n_vert": 635633,
      "raw": 29238775,
      "gz": 4094719
    },
    "variants": {
      "prec=6": {
        "raw": 29238775,
        "gz": 4094719,
        "n_vert": 635633,
        "raw_pct": 0.0,
        "gz_pct": 0.0
      },
      "prec=5": {
        "raw": 27966960,
        "gz": 3364963,
        "n_vert": 635633,
        "raw_pct": -4.349754734936741,
        "gz_pct": -17.821882283008918
      },
      "prec=4": {
        "raw": 26696609,
        "gz": 2420937,
        "n_vert": 635633,
        "raw_pct": -8.694502420159532,
        "gz_pct": -40.87660227722586
      },
      "prec=3": {
        "raw": 25424832,
        "gz": 1239303,
        "n_vert": 635633,
        "raw_pct": -13.04412719069113,
        "gz_pct": -69.73411362293726
      },
      "simp=0.5m": {
        "raw": 29046140,
        "gz": 4054540,
        "n_vert": 627177,
        "vert_drop_pct": 1.33032740590876,
        "raw_pct": -0.6588340311794868,
        "gz_pct": -0.9812394940898264
      },
      "simp=1.0m": {
        "raw": 28986914,
        "gz": 4040771,
        "n_vert": 624577,
        "vert_drop_pct": 1.7393684720585667,
        "raw_pct": -0.8613938169434253,
        "gz_pct": -1.3175018847447162
      },
      "simp=2.0m": {
        "raw": 28894072,
        "gz": 4019128,
        "n_vert": 620501,
        "vert_drop_pct": 2.3806190049918796,
        "raw_pct": -1.1789242196364247,
        "gz_pct": -1.846060743118148
      },
      "simp=5.0m": {
        "raw": 28771403,
        "gz": 3990057,
        "n_vert": 615119,
        "vert_drop_pct": 3.2273340119219784,
        "raw_pct": -1.5984664200193066,
        "gz_pct": -2.5560239909014513
      },
      "simp=10.0m": {
        "raw": 26994599,
        "gz": 3554629,
        "n_vert": 537121,
        "vert_drop_pct": 15.498251349442205,
        "raw_pct": -7.675342075719657,
        "gz_pct": -13.189916084595794
      },
      "simp=1m+prec=5": {
        "raw": 27737150,
        "gz": 3332036,
        "n_vert": 624577,
        "raw_pct": -5.135731575621755,
        "gz_pct": -18.62601560693176
      },
      "simp=2m+prec=5": {
        "raw": 27652479,
        "gz": 3317302,
        "n_vert": 620501,
        "raw_pct": -5.425316211092976,
        "gz_pct": -18.985844938321776
      }
    }
  },
  "buildings.geojson": {
    "baseline": {
      "n_feat": 123105,
      "n_vert": 605054,
      "raw": 26473610,
      "gz": 4222128
    },
    "variants": {
      "prec=6": {
        "raw": 26473610,
        "gz": 4222128,
        "n_vert": 605054,
        "raw_pct": 0.0,
        "gz_pct": 0.0
      },
      "prec=5": {
        "raw": 25263004,
        "gz": 3566331,
        "n_vert": 605054,
        "raw_pct": -4.572878424967354,
        "gz_pct": -15.532380827866895
      },
      "prec=4": {
        "raw": 24053668,
        "gz": 2581847,
        "n_vert": 605054,
        "raw_pct": -9.140959619787402,
        "gz_pct": -38.84962748642391
      },
      "prec=3": {
        "raw": 22843022,
        "gz": 1449051,
        "n_vert": 605054,
        "raw_pct": -13.713989138617666,
        "gz_pct": -65.6796051659258
      },
      "simp=0.5m": {
        "raw": 26473015,
        "gz": 4221965,
        "n_vert": 605028,
        "vert_drop_pct": 0.004297137115039096,
        "raw_pct": -0.0022475212107453423,
        "gz_pct": -0.003860612468404558
      },
      "simp=1.0m": {
        "raw": 26471119,
        "gz": 4221407,
        "n_vert": 604945,
        "vert_drop_pct": 0.018014920982256655,
        "raw_pct": -0.009409370312548987,
        "gz_pct": -0.01707669686944593
      },
      "simp=2.0m": {
        "raw": 26468429,
        "gz": 4220641,
        "n_vert": 604827,
        "vert_drop_pct": 0.03751731250434265,
        "raw_pct": -0.019570432593061543,
        "gz_pct": -0.035219206997040356
      },
      "simp=5.0m": {
        "raw": 26458547,
        "gz": 4217788,
        "n_vert": 604393,
        "vert_drop_pct": 0.10924644742452694,
        "raw_pct": -0.05689817142429763,
        "gz_pct": -0.1027917675636551
      },
      "simp=10.0m": {
        "raw": 24666023,
        "gz": 3725236,
        "n_vert": 525705,
        "vert_drop_pct": 13.114366651571597,
        "raw_pct": -6.827882559273178,
        "gz_pct": -11.768757365953851
      },
      "simp=1m+prec=5": {
        "raw": 25260740,
        "gz": 3565766,
        "n_vert": 604945,
        "raw_pct": -4.581430337607904,
        "gz_pct": -15.545762705441426
      },
      "simp=2m+prec=5": {
        "raw": 25258285,
        "gz": 3565190,
        "n_vert": 604827,
        "raw_pct": -4.590703723443837,
        "gz_pct": -15.559405115145728
      }
    }
  },
  "shadows_initial.geojson": {
    "baseline": {
      "n_feat": 14852,
      "n_vert": 79654,
      "raw": 3599922,
      "gz": 516446
    },
    "variants": {
      "prec=6": {
        "raw": 3599922,
        "gz": 516446,
        "n_vert": 79654,
        "raw_pct": 0.0,
        "gz_pct": 0.0
      },
      "prec=5": {
        "raw": 3440563,
        "gz": 423977,
        "n_vert": 79654,
        "raw_pct": -4.426734801476254,
        "gz_pct": -17.904872919918056
      },
      "prec=4": {
        "raw": 3280785,
        "gz": 303076,
        "n_vert": 79654,
        "raw_pct": -8.865108744022788,
        "gz_pct": -41.31506488577702
      },
      "prec=3": {
        "raw": 3120068,
        "gz": 158542,
        "n_vert": 79654,
        "raw_pct": -13.329566585053787,
        "gz_pct": -69.30134031437943
      },
      "simp=0.5m": {
        "raw": 3566475,
        "gz": 509723,
        "n_vert": 78187,
        "vert_drop_pct": 1.8417154191879836,
        "raw_pct": -0.9291034639083847,
        "gz_pct": -1.3017817932562166
      },
      "simp=1.0m": {
        "raw": 3557424,
        "gz": 507636,
        "n_vert": 77790,
        "vert_drop_pct": 2.3401210234263226,
        "raw_pct": -1.1805255780541912,
        "gz_pct": -1.7058898703833507
      },
      "simp=2.0m": {
        "raw": 3541776,
        "gz": 504041,
        "n_vert": 77102,
        "vert_drop_pct": 3.2038566801416146,
        "raw_pct": -1.6152016627026917,
        "gz_pct": -2.401993625664639
      },
      "simp=5.0m": {
        "raw": 3520542,
        "gz": 499204,
        "n_vert": 76170,
        "vert_drop_pct": 4.373917191854771,
        "raw_pct": -2.2050477760351477,
        "gz_pct": -3.3385871901418542
      },
      "simp=10.0m": {
        "raw": 3348644,
        "gz": 458001,
        "n_vert": 68621,
        "vert_drop_pct": 13.851156250784646,
        "raw_pct": -6.980095679850841,
        "gz_pct": -11.316768839336543
      },
      "simp=1m+prec=5": {
        "raw": 3401845,
        "gz": 418824,
        "n_vert": 77790,
        "raw_pct": -5.502258104481152,
        "gz_pct": -18.902653907668952
      },
      "simp=2m+prec=5": {
        "raw": 3387573,
        "gz": 416451,
        "n_vert": 77102,
        "raw_pct": -5.89871113874134,
        "gz_pct": -19.362140475480498
      }
    }
  },
  "buildings_initial.geojson": {
    "baseline": {
      "n_feat": 14795,
      "n_vert": 74928,
      "raw": 3233910,
      "gz": 495570
    },
    "variants": {
      "prec=6": {
        "raw": 3233910,
        "gz": 495570,
        "n_vert": 74928,
        "raw_pct": 0.0,
        "gz_pct": 0.0
      },
      "prec=5": {
        "raw": 3083976,
        "gz": 412507,
        "n_vert": 74928,
        "raw_pct": -4.636307132851564,
        "gz_pct": -16.76110337591057
      },
      "prec=4": {
        "raw": 2933900,
        "gz": 299977,
        "n_vert": 74928,
        "raw_pct": -9.277005235148783,
        "gz_pct": -39.46828904090239
      },
      "prec=3": {
        "raw": 2782882,
        "gz": 157745,
        "n_vert": 74928,
        "raw_pct": -13.94683216292352,
        "gz_pct": -68.16897713743771
      },
      "simp=0.5m": {
        "raw": 3233842,
        "gz": 495551,
        "n_vert": 74925,